width,height
0,0.00351
200,0.00175
300,0.00044
500,0.00007
1000,0.00007